id;channel;id_board;id_list;id_card;action;timestamp
1;Paradigm;program Assistant;riallineata HTTP;withdrawal haptic Generic;abilitate Computer;2023-08-06T01:27:53
2;ridotta Corporate wireless;Licensed Bike invoice;Awesome hack;Reggio Buckinghamshire esperienze;connecting Account;2023-08-06T05:17:43
3;Senior;Contrada;violet massimizzate;ricche Account;polarizzata;2023-08-06T08:21:14
4;Bike ergonomica;Designer;backing contenuti;Sleek synthesize sistemi;Borders;2023-08-06T12:21:41
5;Metal;Guinea;Burundi Kroon SCSI;metodologie District;deposit Francese didattica;2023-08-05T22:18:38
6;Designer Functionality Handcrafted;Cambridgeshire Lari;Steel;Armenia;Padova;2023-08-05T21:01:33
7;Global strategiche;capacitor;override ottima;Caledonia Chief Central;Granite;2023-08-06T14:25:04
8;Fish Via Fish;deposit Parallelismo compress;Hryvnia;Money Funzione intuitiva;Buckinghamshire;2023-08-06T11:56:45
9;Representative;contenuti;Card calculate XSS;Samoa monetizzate AGP;Rubber collaborative Web;2023-08-06T01:47:21
10;temporale Cambridgeshire;sinergizzate terziaria 24;Lilangeni;Middleware;Yemeni visionari;2023-08-06T12:09:30
